ID,Tournament,Players,Chrono,Date,Cup?,Country,EqualTeams
585,Jerez XI,8,573.0,2018-04-14 00:00:00,False,Spain,True
586,Milan XXXVII,11,574.0,2018-05-19 00:00:00,False,Italy,True
587,Manchester IV,8,575.0,2018-06-02 00:00:00,False,England,True
588,Birmingham XLVIII,6,576.0,2018-10-28 00:00:00,False,England,True
589,World Cup XVIII,37,577.0,2018-11-10 00:00:00,False,WC,True
590,Jerez XII,5,578.0,2019-01-27 00:00:00,False,Spain,True
591,Milton Keynes I,11,579.0,2019-05-12 00:00:00,False,England,True
592,Volkenrath V,6,580.0,2019-06-01 00:00:00,False,Germany,True
593,World Cup XIX,31,581.0,2019-11-01 00:00:00,False,WC,True
594,Jerez XIII,8,582.0,2020-02-22 00:00:00,False,Spain,True
595,Milan XXXVIII,16,583.0,2021-10-16 00:00:00,False,Italy,True
596,Athens LXXXVI,6,584.0,2021-11-04 00:00:00,False,Greece,True
597,Athens LXXXVII,8,585.0,2022-10-16 00:00:00,False,Greece,True
598,World Cup XX,32,586.0,2022-11-05 00:00:00,False,WC,True
599,Athens LXXXVIII,4,587.0,2023-10-21 00:00:00,False,Greece,True
600,World Cup XXI,34,588.0,2023-11-18 00:00:00,False,WC,True
601,Milan XXXIX,13,589.0,2024-05-25 00:00:00,False,Italy,True
602,Preston I,9,590.0,2024-06-01 00:00:00,False,England,True
603,Athens LXXXIX,6,591.0,2024-10-19 00:00:00,False,Greece,True
604,World Cup XXII,35,592.0,2024-11-10 00:00:00,False,WC,True
605,Athens XC,10,593.0,2025-01-18 00:00:00,False,Greece,True
606,Athens XCI,12,594.0,2025-04-05 00:00:00,False,Greece,True
607,Nottingham II,11,595.0,2025-06-01 00:00:00,False,England,True
608,Athens XCII,5,596.0,2025-09-20 00:00:00,False,Greece,True
609,World Cup XXIII,37,597.0,2025-11-01 00:00:00,False,WC,True
1,World Cup I,31,1.0,2001-11-03 00:00:00,False,WC,False
2,Athens I,6,2.0,2001-12-22 00:00:00,False,Greece,False
3,London I,5,3.0,2002-01-07 00:00:00,False,England,False
4,Rome,6,4.0,2002-02-02 00:00:00,False,Italy,False
5,Lund,5,5.0,2002-02-09 00:00:00,False,Sweden,False
6,London II,7,6.0,2002-02-23 00:00:00,False,England,False
7,Gloucester I,24,7.0,2002-03-23 00:00:00,False,England,False
8,Jerez I,4,8.600000381469727,2002-04-15 00:00:00,False,Spain,False
9,Jerez II,4,11.5,2002-05-05 00:00:00,False,Spain,False
10,Athens II,4,10.0,2002-04-28 00:00:00,False,Greece,False
11,Grimstad,5,11.0,2002-05-04 00:00:00,False,Norway,False
12,London III,8,12.0,2002-05-11 00:00:00,False,England,False
13,Jerez III,4,13.0,2002-05-24 00:00:00,False,Spain,False
14,Gloucester II,13,12.5,2002-05-18 00:00:00,False,England,False
15,Athens III,4,15.0,2002-05-29 00:00:00,False,Greece,False
16,Groningen I,4,16.0,2002-06-06 00:00:00,False,Netherlands,False
17,Groningen II,4,17.0,2002-06-13 00:00:00,False,Netherlands,False
18,Athens IV,6,18.0,2002-06-17 00:00:00,False,Greece,False
19,Groningen III,4,19.0,2002-06-20 00:00:00,False,Netherlands,False
20,Groningen IV,4,20.0,2002-06-29 00:00:00,False,Netherlands,False
21,Groningen V,5,21.0,2002-07-02 00:00:00,False,Netherlands,False
22,Groningen VI,4,22.0,2002-07-11 00:00:00,False,Netherlands,False
23,Groningen VII,9,23.0,2002-07-13 00:00:00,False,Netherlands,False
24,Jerez IV,4,17.5,2002-06-15 00:00:00,False,Spain,False
25,Groningen VIII,6,25.0,2002-07-18 00:00:00,False,Netherlands,False
26,Kitchen I,4,26.0,2002-07-24 00:00:00,False,England,False
27,Athens V,4,27.0,2002-07-27 00:00:00,False,Greece,False
28,Jerez V,4,28.0,2002-07-29 00:00:00,False,Spain,False
29,Kristiansand,8,29.0,2002-08-02 00:00:00,False,Norway,False
30,Jerez VI,4,30.0,2002-08-07 00:00:00,False,Spain,False
31,Groningen IX,6,31.0,2002-08-09 00:00:00,False,Netherlands,False
32,London IV,4,32.0,2002-08-09 00:00:00,False,England,False
33,London V,5,33.0,2002-08-10 00:00:00,False,England,False
34,Athens VI,4,34.0,2002-08-10 00:00:00,False,Greece,False
35,Athens VII,4,35.0,2002-08-17 00:00:00,False,Greece,False
36,Athens VIII,4,36.0,2002-09-21 00:00:00,False,Greece,False
37,Gloucester III,10,37.0,2002-10-12 00:00:00,False,England,False
38,Athens IX,6,38.0,2002-10-19 00:00:00,False,Greece,False
39,Venice,4,39.0,2002-10-20 00:00:00,False,Italy,False
40,Mediterrenean,8,40.0,2002-10-27 00:00:00,False,Greece,False
41,World Cup II,26,41.0,2002-11-02 00:00:00,False,WC,False
42,Kitchen II,4,42.0,2002-11-12 00:00:00,False,England,False
43,Groningen X,5,43.0,2002-11-17 00:00:00,False,Netherlands,False
44,Athens X,7,44.0,2002-11-23 00:00:00,False,Greece,False
45,Jerez VII,4,45.0,2002-11-23 00:00:00,False,Spain,False
46,Kitchen III,8,46.0,2002-12-10 00:00:00,False,England,False
47,Athens XI,7,47.0,2002-12-22 00:00:00,False,Greece,False
48,Jerez VIII,4,48.0,2002-12-22 00:00:00,False,Spain,False
49,Athens IV Cup,6,18.5,2002-06-17 00:00:00,True,Greece,False
50,Gloucester I Cup,24,8.5,2002-03-23 00:00:00,True,England,False
52,London VI,4,49.0,2003-01-08 00:00:00,False,England,False
53,Athens XII,4,50.0,2003-01-21 00:00:00,False,Greece,False
54,Helland,10,51.0,2003-01-26 00:00:00,False,Greece,False
55,Groningen XI,5,52.0,2003-02-07 00:00:00,False,Netherlands,False
56,Athens XIII,6,53.0,2003-03-05 00:00:00,False,Greece,False
57,KMAB,7,54.0,2003-03-22 00:00:00,False,Greece,False
58,Jerez International,5,55.0,2003-04-16 00:00:00,False,Spain,False
59,Athens XV,4,56.0,2003-04-24 00:00:00,False,Greece,False
60,London VII,4,57.0,2003-04-24 00:00:00,False,England,False
61,Jerez X,4,58.0,2003-05-03 00:00:00,False,Spain,False
62,Athens XVI,4,59.0,2003-05-04 00:00:00,False,Greece,False
63,Athens XVII,7,60.0,2003-05-10 00:00:00,False,Greece,False
64,Wolverhampton,9,62.0,2003-05-17 00:00:00,False,England,False
65,Milan,16,61.0,2003-05-10 00:00:00,False,Italy,False
66,London VIII,6,63.0,2003-05-29 00:00:00,False,England,False
67,Kitchen IV,5,64.0,2003-06-14 00:00:00,False,England,False
68,Beard Clan Wars I,4,65.0,2003-06-17 00:00:00,False,England,False
69,Athens XVIII,5,67.0,2003-06-22 00:00:00,False,Greece,False
70,Wolverhampton II,4,66.0,2003-06-21 00:00:00,False,England,False
71,London IX,4,68.0,2003-06-29 00:00:00,False,England,False
72,Beard Tuesday I,6,69.0,2003-07-01 00:00:00,False,England,False
73,Beard Tuesday II,4,70.0,2003-07-08 00:00:00,False,England,False
74,Athens XIX,6,71.0,2003-07-12 00:00:00,False,Greece,False
75,Dungeon I,5,72.0,2003-07-15 00:00:00,False,England,False
76,London X,4,73.0,2003-07-19 00:00:00,False,England,False
77,Beard Tuesday III,7,74.0,2003-07-22 00:00:00,False,England,False
78,Athens XX,6,75.0,2003-07-26 00:00:00,False,Greece,False
79,Kitchen V,4,76.0,2003-07-29 00:00:00,False,England,False
81,Sheffield,17,77.0,2003-08-02 00:00:00,False,England,False
82,Athens XXI,6,78.0,2003-09-13 00:00:00,False,Greece,False
83,Athens XXII,4,80.0,2003-10-02 00:00:00,False,Greece,False
84,London XI,4,79.0,2003-09-25 00:00:00,False,England,False
85,Grimstad II,5,82.0,2003-10-03 00:00:00,False,Norway,False
86,Grimstad III,5,83.0,2003-10-10 00:00:00,False,Norway,False
87,Kristiansand II,8,78.5,2003-09-20 00:00:00,False,Norway,False
88,Kristiansand II Cup,8,78.80000305175781,2003-09-20 00:00:00,True,Norway,False
89,Newent I,7,84.0,2003-10-30 00:00:00,False,England,False
90,Athens XXIII,5,85.0,2003-11-01 00:00:00,False,Greece,False
91,London XII,4,86.0,2003-11-04 00:00:00,False,England,False
92,World Cup III,31,87.0,2003-11-08 00:00:00,False,WC,False
93,Igersheim I,4,78.19999694824219,2003-09-20 00:00:00,False,Germany,False
94,Newent II,6,88.0,2003-11-26 00:00:00,False,England,False
95,London XIII,4,89.0,2003-12-16 00:00:00,False,England,False
96,Igersheim II,4,90.0,2003-12-25 00:00:00,False,Germany,False
97,Milan II,7,91.0,2003-12-27 00:00:00,False,Italy,False
98,Norwegian Champs,15,89.5,2003-12-23 00:00:00,False,Norway,False
99,Athens XXIV,5,92.0,2004-01-11 00:00:00,False,Greece,False
100,Osnabruck I,4,91.5,2004-01-09 00:00:00,False,Germany,False
101,Athens XXV,7,93.0,2004-01-18 00:00:00,False,Greece,False
102,London XIV,6,94.0,2004-01-26 00:00:00,False,England,False
103,Newent III,6,95.0,2004-02-02 00:00:00,False,England,False
104,Newent IV,7,96.0,2004-03-02 00:00:00,False,England,False
105,Milan III,6,95.5,2004-02-21 00:00:00,False,Italy,False
106,Igersheim III,4,97.0,2004-03-20 00:00:00,False,Germany,False
107,Newent V,7,98.0,2004-03-25 00:00:00,False,England,False
108,Jerez International II,5,99.0,2004-04-18 00:00:00,False,Spain,False
109,Newent VI,4,100.0,2004-04-21 00:00:00,False,England,False
110,Athens XXVI,4,101.0,2004-04-24 00:00:00,False,Greece,False
111,Milan IV,7,102.0,2004-05-15 00:00:00,False,Italy,False
112,Nottingham,17,103.0,2004-06-05 00:00:00,False,England,False
113,Athens XXVII,5,104.0,2004-06-12 00:00:00,False,Greece,False
114,Homburg,33,105.0,2004-06-12 00:00:00,False,Germany,False
115,London XV,7,106.0,2004-09-24 00:00:00,False,England,False
116,Athens XXVIII,4,107.0,2004-10-16 00:00:00,False,Greece,False
117,World Cup IV,43,108.0,2004-11-13 00:00:00,False,WC,False
118,Athens XXIX,4,109.0,2004-12-18 00:00:00,False,Greece,False
119,Holmes Chapel,6,110.0,2004-12-21 00:00:00,False,England,False
120,Helland 2,11,111.0,2005-01-29 00:00:00,False,England,False
121,London XVI,6,112.0,2005-01-30 00:00:00,False,England,False
122,Milan V,8,113.0,2005-02-13 00:00:00,False,Italy,False
123,Milan VI,6,114.0,2005-05-12 00:00:00,False,Italy,False
124,Igersheim IV,4,115.0,2005-05-14 00:00:00,False,Germany,False
125,Rome II,4,116.0,2005-05-17 00:00:00,False,Italy,False
126,Milan VII,6,117.0,2005-05-19 00:00:00,False,Italy,False
127,Athens XXX,6,118.0,2005-06-05 00:00:00,False,Greece,True
128,Milan VIII,7,119.0,2005-06-09 00:00:00,False,Italy,False
129,Homburg II,10,120.0,2005-06-25 00:00:00,False,Germany,False
130,Milan IX,5,121.0,2005-07-07 00:00:00,False,Italy,False
131,Rome III,4,122.0,2005-07-08 00:00:00,False,Italy,False
132,Athens XXXI,4,123.0,2005-07-16 00:00:00,False,Greece,True
133,Milan X,10,124.0,2005-07-16 00:00:00,False,Italy,False
134,Stoke,16,125.0,2005-07-30 00:00:00,False,England,True
135,Stoke Cup,15,126.0,2005-07-31 00:00:00,True,England,True
136,Athens XXXII,5,127.0,2005-09-18 00:00:00,False,Greece,False
137,Milan XI,8,128.0,2005-09-29 00:00:00,False,Italy,False
138,London XVII,8,129.0,2005-10-04 00:00:00,False,England,True
139,London XVIII,6,130.0,2005-10-11 00:00:00,False,England,True
140,Kelkheim,5,131.0,2005-10-15 00:00:00,False,Germany,False
141,Manchester,4,132.0,2005-10-26 00:00:00,False,England,True
142,London XIX,7,133.0,2005-10-30 00:00:00,False,England,False
143,Milan XII,8,134.0,2005-10-30 00:00:00,False,Italy,False
144,Tromso,4,135.0,2005-11-05 00:00:00,False,Norway,False
145,Hertford,4,136.0,2005-11-08 00:00:00,False,England,True
146,World Cup V,63,137.0,2005-11-12 00:00:00,False,WC,False
147,World Cup V KOA Cup,24,138.0,2005-11-13 00:00:00,True,WC,True
148,Copenhagen,8,139.0,2005-11-27 00:00:00,False,Denmark,True
149,Copenhagen Cup,8,140.0,2005-11-27 00:00:00,True,Denmark,True
150,Milan XIII,7,141.0,2006-01-07 00:00:00,False,Italy,True
151,Frankfurt,4,142.0,2006-01-15 00:00:00,False,Germany,False
152,London Marathon,22,143.0,2006-02-05 00:00:00,False,England,True
153,Copenhagen II,9,144.0,2006-03-12 00:00:00,False,Denmark,True
154,Milan XIV,6,145.0,2006-03-12 00:00:00,False,Italy,True
155,Venice II,5,143.5,2006-03-01 00:00:00,False,Italy,False
156,Athens XXXIII,7,146.0,2006-04-01 00:00:00,False,Greece,True
157,Norwich,4,147.0,2006-04-09 00:00:00,False,England,True
158,Milan XV,7,146.5,2006-04-07 00:00:00,False,Italy,True
159,Hertford II,7,148.0,2006-05-07 00:00:00,False,England,True
160,Milan XVI,11,149.0,2006-05-28 00:00:00,False,Italy,True
161,Hertford III,5,150.0,2006-05-31 00:00:00,False,England,True
162,Ostersund,9,151.0,2006-06-03 00:00:00,False,Sweden,True
163,Athens XXXIV,8,152.0,2006-06-25 00:00:00,False,Greece,True
164,Athens XXXV,5,153.0,2006-07-15 00:00:00,False,Greece,True
165,Hertford IV,4,154.0,2006-07-21 00:00:00,False,England,True
166,Manchester II,15,155.0,2006-07-29 00:00:00,False,England,True
167,Manchester II Cup,15,156.0,2006-07-29 00:00:00,True,England,True
168,Tromso II,7,157.0,2006-08-12 00:00:00,False,Norway,True
169,Hertford V,4,158.0,2006-08-16 00:00:00,False,England,True
170,Hertford V Cup,4,159.0,2006-08-16 00:00:00,True,England,False
171,Ostersund II,4,160.0,2006-09-01 00:00:00,False,Sweden,True
172,Reading I,4,161.0,2006-09-04 00:00:00,False,England,True
173,London XXI,10,162.0,2006-09-10 00:00:00,False,England,True
174,Reading II,4,163.0,2006-09-14 00:00:00,False,England,True
175,Tromso III,6,164.0,2006-09-22 00:00:00,False,Norway,True
176,Milan XVII,7,165.0,2006-09-23 00:00:00,False,Italy,True
177,Reading III,4,166.0,2006-09-28 00:00:00,False,England,True
178,Kelkheim II,4,167.0,2006-10-05 00:00:00,False,Germany,True
179,Heathrow,4,168.0,2006-10-10 00:00:00,False,England,True
180,Kelkheim III,4,169.0,2006-10-14 00:00:00,False,Germany,True
181,Kelkheim IV,5,170.0,2006-10-14 00:00:00,False,Germany,True
182,Newent VII,6,171.0,2006-10-19 00:00:00,False,England,True
183,Tromso IV,4,172.0,2006-10-21 00:00:00,False,Norway,True
184,World Cup VI,50,173.0,2006-10-28 00:00:00,False,WC,True
185,Tromso V,9,174.0,2006-11-04 00:00:00,False,Norway,True
186,Kelkheim V,4,175.0,2006-11-14 00:00:00,False,Germany,True
187,Kelkheim VI,4,176.0,2006-11-14 00:00:00,False,Germany,True
188,Reading IV,6,177.0,2006-11-15 00:00:00,False,England,True
189,Angeren I,6,178.0,2006-11-26 00:00:00,False,Netherlands,True
190,Uxbridge I,8,179.0,2006-11-26 00:00:00,False,England,True
191,Ostersund III,4,180.0,2006-11-28 00:00:00,False,Sweden,True
192,Milan XVIII,8,181.0,2006-12-07 00:00:00,False,Italy,True
193,Kelkheim VII,12,182.0,2006-12-09 00:00:00,False,Germany,True
194,Kelkheim VIII,6,183.0,2006-12-10 00:00:00,False,Germany,True
195,Kelkheim IX,7,184.0,2006-12-10 00:00:00,False,Germany,True
196,Tromso VI,4,185.0,2007-01-14 00:00:00,False,Norway,True
197,Tromso VII,4,186.0,2007-01-14 00:00:00,False,Norway,True
198,Tromso VIII,5,187.0,2007-01-14 00:00:00,False,Norway,True
199,Ostersund IV,4,188.0,2007-01-15 00:00:00,False,Sweden,True
200,Milan XIX,16,190.0,2007-02-24 00:00:00,False,Italy,True
201,Birmingham I,4,191.0,2007-02-28 00:00:00,False,England,True
202,Reading V,4,189.0,2007-02-01 00:00:00,False,England,True
203,Reading VI,5,192.0,2007-03-15 00:00:00,False,England,True
204,Reading VII,6,193.0,2007-03-29 00:00:00,False,England,True
205,Reading VIII,4,194.0,2007-04-05 00:00:00,False,England,True
206,Birmingham II,7,195.0,2007-04-14 00:00:00,False,England,True
207,Hertford VI,4,196.0,2007-04-17 00:00:00,False,England,True
208,Reading IX,8,197.0,2007-04-20 00:00:00,False,England,True
209,Wiesbaden I,6,198.0,2007-04-21 00:00:00,False,Germany,True
210,Athens XXXVI,8,199.0,2007-04-29 00:00:00,False,Greece,True
211,Braamt I,6,200.0,2007-05-13 00:00:00,False,Netherlands,True
212,Braamt II,4,201.0,2007-05-13 00:00:00,False,Netherlands,True
213,Milan XX,6,202.0,2007-06-03 00:00:00,False,Italy,True
214,Birmingham III,6,203.0,2007-06-07 00:00:00,False,England,True
215,Reading X,4,204.0,2007-06-10 00:00:00,False,England,True
216,Reading XI,4,205.0,2007-06-10 00:00:00,False,England,True
217,Dudley I,9,206.0,2007-06-16 00:00:00,False,England,True
218,Reading XII,4,207.0,2007-06-19 00:00:00,False,England,True
219,Athens XXXVII,9,208.0,2007-06-24 00:00:00,False,Greece,True
220,Dudley II,5,209.0,2007-06-27 00:00:00,False,England,True
221,Tromso IX,6,210.0,2007-06-30 00:00:00,False,Norway,True
222,Reading XIII,24,211.0,2007-06-30 00:00:00,False,England,True
223,Reading XIV,8,212.0,2007-07-01 00:00:00,False,England,True
224,Dudley III,4,213.0,2007-07-19 00:00:00,False,England,True
225,Athens XXXVIII,7,214.0,2007-07-20 00:00:00,False,Greece,True
226,Athens XXXVIII Cup,7,215.0,2007-07-20 00:00:00,True,Greece,False
227,Milan XXI,4,216.0,2007-07-21 00:00:00,False,Italy,True
228,Athens XXXIX,4,217.0,2007-07-22 00:00:00,False,Greece,True
229,Athens XL,4,218.0,2007-07-22 00:00:00,False,Greece,True
230,Athens XLI,4,219.0,2007-07-22 00:00:00,False,Greece,True
231,Dudley IV,5,220.0,2007-07-25 00:00:00,False,England,True
232,Heathrow II,7,221.0,2007-07-28 00:00:00,False,England,True
233,Heathrow III,7,222.0,2007-07-28 00:00:00,False,England,True
234,Heathrow IV,5,223.0,2007-07-29 00:00:00,False,England,True
235,Athens XLII,8,224.0,2007-07-29 00:00:00,False,Greece,True
236,Wiesbaden II,4,225.0,2007-08-04 00:00:00,False,Germany,True
237,Wiesbaden III,6,226.0,2007-08-04 00:00:00,False,Germany,True
238,Athens XLIII,7,227.0,2007-08-05 00:00:00,False,Greece,True
239,Athens XLIV,6,228.0,2007-08-19 00:00:00,False,Greece,True
240,Ostersund V,4,229.0,2007-08-23 00:00:00,False,Sweden,True
241,Tromso X,4,230.0,2007-08-24 00:00:00,False,Norway,True
242,Tromso XI,4,231.0,2007-08-24 00:00:00,False,Norway,True
243,Athens XLV,5,232.0,2007-09-02 00:00:00,False,Greece,False
244,Athens XLVI,5,233.0,2007-09-02 00:00:00,False,Greece,True
245,Seeshaupt,5,234.0,2007-09-08 00:00:00,False,Germany,True
246,Dudley V,4,235.0,2007-09-11 00:00:00,False,England,True
247,Cologne I,25,236.0,2007-09-22 00:00:00,False,Germany,True
248,Cologne II,10,237.0,2007-09-22 00:00:00,False,Germany,True
249,Cologne III,8,238.0,2007-09-23 00:00:00,False,Germany,True
250,Athens XLVII,4,239.0,2007-10-14 00:00:00,False,Greece,False
251,Rome IV,8,240.0,2007-10-14 00:00:00,False,Italy,True
252,Birmingham IV,4,241.0,2007-10-20 00:00:00,False,England,True
253,Birmingham V,4,242.0,2007-10-20 00:00:00,False,England,True
254,Langenfeld,8,243.0,2007-10-20 00:00:00,False,Germany,True
255,Athens XLVIII,6,244.0,2007-10-28 00:00:00,False,Greece,False
256,Heathrow V,7,245.0,2007-10-28 00:00:00,False,England,False
258,Athens XLIX,6,246.0,2007-11-04 00:00:00,False,Greece,True
259,World Cup VII,40,247.0,2007-11-10 00:00:00,False,WC,True
260,Athens L,7,248.0,2007-11-18 00:00:00,False,Greece,True
261,Athens LI,4,249.0,2007-11-18 00:00:00,False,Greece,True
262,Athens LII,6,250.0,2007-12-02 00:00:00,False,Greece,True
263,Athens LIII,14,251.0,2007-12-08 00:00:00,False,Greece,True
264,Birmingham VI,4,252.0,2007-12-08 00:00:00,False,England,True
265,Athens LIV,4,253.0,2007-12-16 00:00:00,False,Greece,True
266,Athens LV,4,254.0,2007-12-16 00:00:00,False,Greece,True
267,Heathrow VI,4,255.0,2007-12-19 00:00:00,False,England,True
268,Droitwich,4,256.0,2007-12-21 00:00:00,False,England,True
269,Dudley VI,5,257.0,2007-12-23 00:00:00,False,England,True
270,Dudley VII,4,258.0,2007-12-23 00:00:00,False,England,True
271,Milan XXII,11,259.0,2007-12-27 00:00:00,False,Italy,True
272,Angeren II,4,260.0,2007-12-30 00:00:00,False,Netherlands,True
273,Langenfeld II,7,261.0,2008-01-06 00:00:00,False,Germany,True
274,Rome V,9,262.0,2008-01-13 00:00:00,False,Italy,True
275,Heathrow VII,5,263.0,2008-01-13 00:00:00,False,England,True
276,Heathrow VIII,4,264.0,2008-01-13 00:00:00,False,England,True
277,Heathrow IX,4,265.0,2008-01-13 00:00:00,False,England,True
278,Athens LVI,4,266.0,2008-01-20 00:00:00,False,Greece,True
279,Athens LVII,4,267.0,2008-02-03 00:00:00,False,Greece,True
280,London XXII,20,268.0,2008-02-17 00:00:00,False,England,True
281,Langenfeld III,4,269.0,2008-02-17 00:00:00,False,Germany,True
282,Langenfeld IV,4,270.0,2008-02-17 00:00:00,False,Germany,True
283,Birmingham VII,4,271.0,2008-02-22 00:00:00,False,England,True
284,Droitwich II,4,272.0,2008-03-07 00:00:00,False,England,True
285,Cologne IV,5,273.0,2008-03-16 00:00:00,False,Germany,True
286,Langenfeld V,7,274.0,2008-03-30 00:00:00,False,Germany,True
287,Dudley VIII,5,275.0,2008-03-30 00:00:00,False,England,True
288,Athens LVIII,10,276.0,2008-04-12 00:00:00,False,Greece,True
289,Hertford VII,4,277.0,2008-04-17 00:00:00,False,England,True
290,Athens LIX,4,278.0,2008-04-20 00:00:00,False,Greece,True
291,Duesseldorf I,4,279.0,2008-04-20 00:00:00,False,Germany,True
292,Dudley IX,4,280.0,2008-05-03 00:00:00,False,England,True
293,Dudley X,4,281.0,2008-05-03 00:00:00,False,England,True
294,Birmingham VIII,15,282.0,2008-05-04 00:00:00,False,England,True
295,Birmingham VIII Gold Cup,8,283.0,2008-05-04 00:00:00,True,England,True
296,Birmingham VIII Silver Cup,7,284.0,2008-05-04 00:00:00,True,England,True
297,Milan XXIII,17,285.0,2008-05-10 00:00:00,False,Italy,True
298,Hamburg I,4,286.0,2008-05-11 00:00:00,False,Germany,True
299,Hamburg II,4,287.0,2008-05-11 00:00:00,False,Germany,True
300,Wiesbaden IV,4,288.0,2008-05-11 00:00:00,False,Germany,True
301,Athens LX,6,289.0,2008-05-18 00:00:00,False,Greece,True
302,Ostersund VI,5,290.0,2008-05-24 00:00:00,False,Sweden,True
303,Newent VIII,4,291.0,2008-05-27 00:00:00,False,England,True
304,Cologne V,4,292.0,2008-06-01 00:00:00,False,Germany,True
305,Birmingham IX,4,293.0,2008-06-07 00:00:00,False,England,True
306,Newent IX,6,294.0,2008-06-16 00:00:00,False,England,True
307,Athens LXI,9,295.0,2008-06-29 00:00:00,False,Greece,True
308,Athens LXI Cup,7,296.0,2008-06-29 00:00:00,True,Greece,True
309,Buggio I,5,297.0,2008-06-29 00:00:00,False,Italy,True
310,Dudley XI,5,298.0,2008-07-04 00:00:00,False,England,True
311,Langenfeld VI,4,299.0,2008-07-23 00:00:00,False,Germany,True
312,Duesseldorf II,5,300.0,2008-07-27 00:00:00,False,Germany,True
313,Newent X,9,301.0,2008-07-28 00:00:00,False,England,True
314,Tromso XII,5,302.0,2008-08-12 00:00:00,False,Norway,True
315,Langenfeld VII,6,303.0,2008-08-17 00:00:00,False,Germany,True
316,Newent XI,8,304.0,2008-08-18 00:00:00,False,England,True
317,Seeshaupt II,6,305.0,2008-09-12 00:00:00,False,Germany,True
318,Newent XII,7,306.0,2008-09-15 00:00:00,False,England,True
319,Copenhagen III,12,307.0,2008-09-20 00:00:00,False,Denmark,True
320,Copenhagen III Cup,12,308.0,2008-09-20 00:00:00,True,Denmark,True
321,Athens LXII,5,309.0,2008-09-21 00:00:00,False,Greece,True
322,Birmingham X,5,310.0,2008-09-29 00:00:00,False,England,True
323,Heathrow X,4,311.0,2008-10-01 00:00:00,False,England,True
324,Voitsberg I,5,312.0,2008-10-04 00:00:00,False,Austria,True
325,Athens LXIII,4,313.0,2008-10-05 00:00:00,False,Greece,True
326,Hertford VIII,4,314.0,2008-10-08 00:00:00,False,England,False
327,Athens LXIV,4,315.0,2008-10-11 00:00:00,False,Greece,True
328,Newent XIII,5,316.0,2008-10-13 00:00:00,False,England,True
329,Athens LXV,4,317.0,2008-10-25 00:00:00,False,Greece,True
330,Athens LXVI,4,318.0,2008-10-25 00:00:00,False,Greece,True
331,Wiesbaden V,12,319.0,2008-10-25 00:00:00,False,Germany,True
332,Wiesbaden VI,7,320.0,2008-10-25 00:00:00,False,Germany,True
333,Wiesbaden VII,6,321.0,2008-10-26 00:00:00,False,Germany,True
334,Wiesbaden VIII,5,322.0,2008-10-26 00:00:00,False,Germany,True
335,Athens LXVII,7,323.0,2008-11-02 00:00:00,False,Greece,True
336,Newent XIV,5,324.0,2008-11-03 00:00:00,False,England,True
337,World Cup VIII,41,325.0,2008-09-08 00:00:00,False,WC,True
338,Helsingborg I,4,326.0,2008-11-14 00:00:00,False,Sweden,True
339,Langenfeld VIII,5,327.0,2008-11-15 00:00:00,False,Germany,True
340,Newent XV,8,328.0,2008-12-05 00:00:00,False,England,True
341,Sheffield II,4,329.0,2008-12-17 00:00:00,False,England,True
342,Langenfeld IX,9,330.0,2008-12-28 00:00:00,False,Germany,True
343,Birmingham XI,5,331.0,2008-12-29 00:00:00,False,England,True
344,Worcester I,4,332.0,2009-01-17 00:00:00,False,England,True
345,Wiesbaden IX,4,333.0,2009-04-07 00:00:00,False,Germany,True
346,Newent XVI,4,334.0,2009-02-13 00:00:00,False,England,True
347,Wiesbaden X,5,335.0,2009-02-22 00:00:00,False,Germany,True
349,Dudley XII,4,336.0,2009-02-22 00:00:00,False,England,True
350,Worcester II,5,337.0,2009-03-02 00:00:00,False,England,True
351,London XXIII,25,338.0,2009-03-07 00:00:00,False,England,True
352,Duesseldorf III,7,339.0,2009-03-15 00:00:00,False,Germany,True
353,Duesseldorf IV,5,340.0,2009-03-15 00:00:00,False,Germany,True
354,Tromso XIII,4,341.0,2009-03-28 00:00:00,False,Norway,True
355,Koenigswinter I,4,342.0,2009-04-15 00:00:00,False,Germany,False
356,Birmingham XII,5,343.0,2009-05-09 00:00:00,False,England,True
357,Koenigswinter II,5,344.0,2009-05-15 00:00:00,False,Germany,True
358,Milan XXIV,4,345.0,2009-05-20 00:00:00,False,Italy,True
359,Langenfeld X,7,346.0,2009-05-23 00:00:00,False,Germany,True
360,Langenfeld XI,5,347.0,2009-05-24 00:00:00,False,Germany,True
361,Dudley XIII,4,348.0,2009-06-06 00:00:00,False,England,True
362,Dudley XIV,4,349.0,2009-06-06 00:00:00,False,England,True
363,Tromso XIV,6,350.0,2009-06-06 00:00:00,False,Norway,True
364,Koenigswinter III,4,351.0,2009-06-20 00:00:00,False,Germany,True
365,Milan XXV,16,352.0,2009-06-27 00:00:00,False,Italy,True
366,Koenigswinter IV,4,353.0,2009-06-30 00:00:00,False,Germany,True
367,Koenigswinter V,8,354.0,2009-07-11 00:00:00,False,Germany,True
368,Koenigswinter VI,4,355.0,2009-07-12 00:00:00,False,Germany,True
369,Wiesbaden XI,4,356.0,2009-07-25 00:00:00,False,Germany,True
370,Koenigswinter VII,4,357.0,2009-08-01 00:00:00,False,Germany,True
371,Helsinborg II,4,358.0,2009-08-02 00:00:00,False,Sweden,True
372,Helsinborg III,4,359.0,2009-08-02 00:00:00,False,Sweden,True
373,Dudley XV,4,360.0,2009-08-16 00:00:00,False,England,True
374,Dudley XVI,4,361.0,2009-08-16 00:00:00,False,England,True
375,Darmstadt I,5,362.0,2009-08-22 00:00:00,False,Germany,True
376,Darmstadt II,5,363.0,2009-08-22 00:00:00,False,Germany,True
377,Darmstadt III,4,364.0,2009-08-22 00:00:00,False,Germany,True
378,Athens LXVIII,12,365.0,2009-08-30 00:00:00,False,Greece,True
379,Koenigswinter VIII,5,366.0,2009-09-05 00:00:00,False,Germany,True
380,Koenigswinter IX,6,367.0,2009-09-05 00:00:00,False,Germany,True
381,Koenigswinter X,5,368.0,2009-09-05 00:00:00,False,Germany,True
382,Koenigswinter XI,4,369.0,2009-09-06 00:00:00,False,Germany,True
383,Koenigswinter XII,5,370.0,2009-09-06 00:00:00,False,Germany,True
384,Koenigswinter XIII,4,371.0,2009-09-06 00:00:00,False,Germany,True
385,Birmingham XIII,5,372.0,2009-09-11 00:00:00,False,England,True
386,Seeshaupt III,5,373.0,2009-09-12 00:00:00,False,Germany,True
387,Hamburg III,6,374.0,2009-09-25 00:00:00,False,Germany,True
388,Hamburg IV,6,375.0,2009-09-25 00:00:00,False,Germany,True
389,Hamburg V,12,376.0,2009-09-26 00:00:00,False,Germany,True
390,Hamburg VI,7,377.0,2009-09-26 00:00:00,False,Germany,True
392,Lund II,7,378.0,2009-10-10 00:00:00,False,Sweden,True
393,Birmingham XIV,14,379.0,2009-10-10 00:00:00,False,England,True
394,Birmingham XIV Gold Cup,8,380.0,2009-10-10 00:00:00,True,England,True
395,Birmingham XIV Silver Cup,6,381.0,2009-10-10 00:00:00,True,England,True
396,Athens LXIX,4,382.0,2009-10-11 00:00:00,False,Greece,True
397,Duesseldorf V,4,383.0,2009-10-18 00:00:00,False,Germany,True
398,Buggio II,4,384.0,2009-11-01 00:00:00,False,Italy,True
399,World Cup IX,34,385.0,2009-11-14 00:00:00,False,WC,True
400,Athens LXX,5,386.0,2009-11-22 00:00:00,False,Greece,True
401,Athens LXXI,5,387.0,2009-11-22 00:00:00,False,Greece,True
402,Koenigswinter XIV,7,385.5,2009-11-21 00:00:00,False,Germany,True
403,London XXV,4,388.0,2009-12-11 00:00:00,False,England,True
404,London XXVI,4,389.0,2009-12-11 00:00:00,False,England,True
405,Birmingham XV,6,390.0,2009-12-13 00:00:00,False,England,True
406,Birmingham XVI,6,391.0,2009-12-13 00:00:00,False,England,True
407,Koenigswinter XV,6,392.0,2009-12-19 00:00:00,False,Germany,True
408,Koenigswinter XVI,5,393.0,2009-12-19 00:00:00,False,Germany,True
409,Milan XXVI,6,394.0,2009-12-20 00:00:00,False,Italy,True
410,Koenigswinter XVII,6,395.0,2010-01-16 00:00:00,False,Germany,True
411,Langenfeld XII,8,396.0,2010-01-24 00:00:00,False,Germany,True
412,Mannheim I,4,397.0,2010-02-20 00:00:00,False,Germany,True
413,Athens LXXII,10,398.0,2010-03-07 00:00:00,False,Greece,True
414,Hanau I,5,399.0,2010-03-13 00:00:00,False,Germany,True
415,Copenhagen IV,4,400.0,2010-03-13 00:00:00,False,Denmark,True
416,Koenigswinter XVIII,5,401.0,2010-03-19 00:00:00,False,Germany,True
417,Athens LXXIII,7,402.0,2010-03-21 00:00:00,False,Greece,True
418,Cologne VI,4,403.0,2010-03-24 00:00:00,False,Germany,True
419,Birmingham XVII,4,404.0,2010-04-09 00:00:00,False,England,True
420,Birmingham XVIII,6,405.0,2010-04-09 00:00:00,False,England,True
421,Frankfurt II,8,406.0,2010-04-10 00:00:00,False,Germany,True
422,Koenigswinter XIX,7,407.0,2010-04-17 00:00:00,False,Germany,True
423,Athens LXXIV,5,408.0,2010-04-18 00:00:00,False,Greece,True
424,Birmingham XIX,4,409.0,2010-04-23 00:00:00,False,England,True
425,Birmingham XX,4,410.0,2010-04-23 00:00:00,False,England,True
426,Dudley XVII,4,411.0,2010-04-24 00:00:00,False,England,True
427,Cologne VII,4,412.0,2010-04-25 00:00:00,False,Germany,True
428,Dudley XVIII,4,413.0,2010-04-25 00:00:00,False,England,True
429,Dudley XIX,4,414.0,2010-04-25 00:00:00,False,England,True
430,Athens LXXV,4,415.0,2010-05-08 00:00:00,False,Greece,True
431,Vienna I,6,416.0,2010-05-22 00:00:00,False,Austria,True
432,Birmingham XXI,13,417.0,2010-05-22 00:00:00,False,England,True
433,Birmingham XXI Gold Cup,6,418.0,2010-05-22 00:00:00,True,England,True
434,Birmingham XXI Silver Cup,4,419.0,2010-05-22 00:00:00,True,England,True
435,Birmingham XXI Bronze Cup,4,420.0,2010-05-22 00:00:00,True,England,True
436,Langenfeld XIII,9,421.0,2010-05-22 00:00:00,False,Germany,True
437,Milan XXVII,15,422.0,2010-05-30 00:00:00,False,Italy,True
438,Koenigswinter XX,5,421.20001220703125,2010-05-29 00:00:00,False,Germany,True
439,Koenigswinter XXI,4,421.5,2010-05-29 00:00:00,False,Germany,True
440,Tromso XV,8,423.0,2010-06-12 00:00:00,False,Norway,True
441,Koenigswinter XXII,5,424.0,2010-06-19 00:00:00,False,Germany,True
442,Frankfurt III,5,425.0,2010-07-03 00:00:00,False,Germany,True
443,Dudley XX,4,426.0,2010-07-09 00:00:00,False,England,True
444,Dudley XX Cup,4,427.0,2010-07-09 00:00:00,True,England,True
445,Birmingham XXII,4,428.0,2010-07-10 00:00:00,False,England,True
446,Wiesbaden XII,8,429.0,2010-07-25 00:00:00,False,Germany,True
447,Birmingham XXIII,4,430.0,2010-08-15 00:00:00,False,England,True
448,Volkenrath I,5,431.0,2010-08-21 00:00:00,False,Germany,True
449,Koenigswinter XXIII,8,432.0,2010-08-28 00:00:00,False,Germany,True
450,Koenigswinter XXIV,5,433.0,2010-08-28 00:00:00,False,Germany,True
451,Voitsberg II,6,434.0,2010-08-28 00:00:00,False,Austria,True
452,Seeshaupt IV,6,435.0,2010-09-05 00:00:00,False,Germany,True
453,Birmingham XXIV,4,436.0,2010-09-24 00:00:00,False,England,True
454,Koenigswinter XXV,4,437.0,2010-10-02 00:00:00,False,Germany,True
455,Altensteig I,5,438.0,2010-10-02 00:00:00,False,Germany,True
456,Athens LXXVI,8,439.0,2010-10-10 00:00:00,False,Greece,True
457,Koenigswinter XXVI,4,440.0,2010-10-14 00:00:00,False,Germany,True
458,Osnabruck II,9,441.0,2010-10-16 00:00:00,False,Germany,True
459,Athens LXXVII,8,442.0,2010-10-17 00:00:00,False,Greece,True
460,Langenfeld XIV,4,443.0,2010-10-21 00:00:00,False,Germany,True
461,World Cup X,46,444.0,2010-10-23 00:00:00,False,WC,True
462,Koenigswinter XXVII,6,445.0,2010-10-29 00:00:00,False,Germany,True
463,Koenigswinter XXVIII,4,446.0,2010-10-29 00:00:00,False,Germany,True
464,Birmingham XXV,5,447.0,2010-11-17 00:00:00,False,England,True
465,Koenigswinter XXIX,4,448.0,2010-11-25 00:00:00,False,Germany,True
466,Koenigswinter XXX,6,449.0,2010-11-27 00:00:00,False,Germany,True
467,Karst I,5,450.0,2010-11-27 00:00:00,False,Germany,True
468,Koenigswinter XXXI,5,451.0,2010-11-28 00:00:00,False,Germany,True
469,Birmingham XXVI,4,452.0,2010-12-14 00:00:00,False,England,True
470,Koenigswinter XXXII,5,453.0,2010-12-18 00:00:00,False,Germany,True
471,Wiesbaden XIII,4,454.0,2011-01-01 00:00:00,False,Germany,True
472,Koenigswinter XXXIII,8,455.0,2011-01-15 00:00:00,False,Germany,True
473,Koenigswinter XXXIV,4,456.0,2011-01-15 00:00:00,False,Germany,True
474,Birmingham XXVII,6,457.0,2011-02-08 00:00:00,True,England,True
475,Graz I,5,458.0,2011-02-12 00:00:00,False,Austria,True
476,Dubai I,9,459.0,2011-03-05 00:00:00,False,UAE,True
477,Rodenbach I,12,460.0,2011-03-18 00:00:00,False,Germany,True
478,Koenigswinter XXXV,4,461.0,2011-03-26 00:00:00,False,Germany,True
479,Koenigswinter XXXVI,5,462.0,2011-03-26 00:00:00,False,Germany,True
480,Athens LXXVIII,14,463.0,2011-04-03 00:00:00,False,Greece,True
481,Birmingham XXVIII,6,464.0,2011-04-12 00:00:00,True,England,True
482,Dudley XXI,4,465.0,2011-05-06 00:00:00,False,England,True
483,Dudley XXII,4,466.0,2011-05-06 00:00:00,False,England,True
484,Leicester I,10,467.0,2011-05-07 00:00:00,True,England,True
485,Birmingham XXIX,7,468.0,2011-05-07 00:00:00,False,England,True
486,Birmingham XXX,10,469.0,2011-05-14 00:00:00,False,England,True
487,Milan XXVIII,11,470.0,2011-06-04 00:00:00,False,Italy,True
488,Milan XXIX,10,471.0,2011-06-04 00:00:00,False,Italy,True
489,Athens LXXIX,5,472.0,2011-06-05 00:00:00,False,Greece,True
490,Graz II,5,473.0,2011-06-10 00:00:00,False,Austria,True
491,Voitsberg III,7,474.0,2011-06-11 00:00:00,False,Austria,True
492,Birmingham XXXI,5,475.0,2011-06-14 00:00:00,False,England,True
493,Volkenrath II,5,476.0,2011-07-02 00:00:00,False,Germany,True
494,Lund III,4,477.0,2011-07-27 00:00:00,False,Sweden,True
495,Lund IV,4,478.0,2011-07-27 00:00:00,False,Sweden,True
496,Leonberg I,4,479.0,2011-07-30 00:00:00,False,Germany,True
497,Birmingham XXXII,7,480.0,2011-08-12 00:00:00,False,England,True
498,Koenigswinter XXXVII,5,481.0,2011-08-27 00:00:00,False,Germany,True
499,Seeshaupt V,12,482.0,2011-09-11 00:00:00,False,Germany,True
500,Birmingham XXXIII,6,483.0,2011-09-13 00:00:00,True,England,True
501,Oldenburg I,6,484.0,2011-09-30 00:00:00,False,Germany,True
502,Oldenburg II,16,485.0,2011-10-01 00:00:00,False,Germany,True
503,Athens LXXX,5,486.0,2011-10-09 00:00:00,False,Greece,True
504,Birmingham XXXIV,4,487.0,2011-10-24 00:00:00,False,England,True
505,Birmingham XXXV,4,488.0,2011-10-24 00:00:00,True,England,True
506,Athens LXXXI,8,489.0,2011-11-04 00:00:00,False,Greece,True
507,World Cup XI,35,490.0,2011-11-12 00:00:00,False,WC,True
508,Koenigswinter XXXVIII,4,491.0,2011-11-25 00:00:00,False,Germany,True
509,Koenigswinter XXXIX,4,492.0,2011-11-25 00:00:00,False,Germany,True
510,Manheim II,9,493.0,2011-11-26 00:00:00,False,Germany,True
511,Birmingham XXXVI,5,494.0,2012-01-22 00:00:00,False,England,True
512,Koenigswinter XL,6,495.0,2012-02-04 00:00:00,False,Germany,True
513,Koenigswinter XLI,4,496.0,2012-02-04 00:00:00,False,Germany,True
514,Manheim III,4,497.0,2012-03-11 00:00:00,False,Germany,True
515,Manheim IV,4,498.0,2012-03-11 00:00:00,False,Germany,True
516,Birmingham XXXVII,4,499.0,2012-03-13 00:00:00,True,England,True
517,Koenigswinter XLII,4,500.0,2012-03-17 00:00:00,False,Germany,True
518,Voitsberg IV,4,501.0,2012-04-14 00:00:00,False,Austria,True
519,Milan XXX,7,502.0,2012-04-21 00:00:00,False,Italy,True
520,Hanau II,5,503.0,2012-05-05 00:00:00,False,Germany,True
521,Birmingham XXXVIII,4,504.0,2012-05-08 00:00:00,True,England,True
522,Volkenrath III,5,505.0,2012-06-03 00:00:00,False,Germany,True
523,Birmingham XXXIX,5,506.0,2012-06-04 00:00:00,False,England,True
524,Bournemouth I,7,507.0,2012-06-09 00:00:00,False,England,True
525,Bournemouth II,7,508.0,2012-06-09 00:00:00,True,England,True
526,Bournemouth III,9,509.0,2012-06-10 00:00:00,False,England,True
527,Bournemouth IV,9,510.0,2012-06-10 00:00:00,False,England,True
528,Athens LXXXII,8,511.0,2012-06-10 00:00:00,False,Greece,True
529,Birmingham XL,4,512.0,2012-07-10 00:00:00,True,England,True
530,Rodenbach II,5,513.0,2012-08-12 00:00:00,False,Germany,True
531,Koenigswinter XLIII,4,514.0,2012-09-22 00:00:00,False,Germany,True
532,Athens LXXXIII,5,515.0,2012-09-23 00:00:00,False,Greece,True
533,Mannheim II,4,516.0,2012-10-06 00:00:00,False,Germany,True
534,Hanau III,9,517.0,2012-10-28 00:00:00,False,Germany,True
535,World Cup XII,40,518.0,2012-11-17 00:00:00,False,WC,True
536,Milan XXXI,4,519.0,2013-01-12 00:00:00,False,Italy,True
537,Birmingham XLI,4,520.0,2013-01-25 00:00:00,False,England,True
538,Koenigswinter XLIV,5,521.0,2013-02-09 00:00:00,False,Germany,True
539,Duesseldorf VI,4,522.0,2013-03-17 00:00:00,False,Germany,True
540,Koenigswinter XLV,4,523.0,2013-04-14 00:00:00,False,Germany,True
541,Birmingham XLII,5,524.0,2013-04-19 00:00:00,False,England,True
542,Voitsberg V,4,525.0,2013-05-19 00:00:00,False,Austria,True
543,Freiburg I,11,526.0,2013-05-25 00:00:00,False,Germany,True
544,Koenigswinter XLVI,5,524.5,2013-05-11 00:00:00,False,Germany,True
545,Koenigswinter XLVII,5,527.0,2013-06-01 00:00:00,False,Germany,True
546,Koenigswinter XLVIII,5,528.0,2013-06-28 00:00:00,False,Germany,True
547,Birmingham XLIII,4,529.0,2013-07-09 00:00:00,True,England,True
548,Birmingham XLIV,9,530.0,2013-08-04 00:00:00,False,England,True
549,Birmingham XLV,4,531.0,2013-08-30 00:00:00,True,England,True
550,World Cup XIII,18,532.0,2013-11-02 00:00:00,False,WC,True
551,Volkenrath IV,8,533.0,2013-11-16 00:00:00,False,Germany,True
552,Milan XXXII,9,534.0,2013-12-01 00:00:00,False,Italy,True
553,Voitsberg VI,4,535.0,2014-04-20 00:00:00,False,Austria,True
554,Papozze I,9,536.0,2014-05-03 00:00:00,False,Italy,True
555,Duesseldorf VII,4,537.0,2014-05-25 00:00:00,False,Germany,True
556,Birmingham XLVI,7,538.0,2014-08-03 00:00:00,False,England,True
557,Milan XXXIII,12,539.0,2014-09-14 00:00:00,False,Italy,True
558,World Cup XIV,26,540.0,2014-11-01 00:00:00,False,WC,True
559,Landskrona I,4,541.0,2014-12-27 00:00:00,False,Sweden,True
560,Milan XXXIV,4,542.0,2014-12-29 00:00:00,False,Italy,True
561,Papozze II,14,543.0,2015-05-02 00:00:00,False,Italy,True
562,Bournemouth V,6,544.0,2015-05-09 00:00:00,False,England,True
563,Koenigswinter XLIX,4,545.0,2015-07-11 00:00:00,False,Germany,True
564,Humlebaek I,4,546.0,2015-10-17 00:00:00,False,Denmark,True
565,Humlebaek II,4,547.0,2015-10-17 00:00:00,False,Denmark,True
566,World Cup 2015,38,548.0,2015-11-07 00:00:00,False,WC,True
567,Landskrona II,4,549.0,2016-01-02 00:00:00,False,Sweden,True
568,Landskrona III,4,550.0,2016-01-02 00:00:00,False,Sweden,True
569,Athens LXXXIV,6,551.0,2016-01-24 00:00:00,False,Greece,True
570,Humlebaek III,4,552.0,2016-03-19 00:00:00,False,Denmark,True
571,Humlebaek IV,4,553.0,2016-03-19 00:00:00,False,Denmark,True
572,Amsterdam I,16,554.0,2016-04-02 00:00:00,False,Netherlands,True
573,Athens LXXXV,12,555.0,2016-05-08 00:00:00,False,Greece,True
574,London XXVII,14,556.0,2016-05-14 00:00:00,False,England,True
575,Milan XXXV,14,557.0,2016-06-12 00:00:00,False,Italy,True
576,Landskrona IV,4,558.0,2016-10-30 00:00:00,False,Sweden,True
577,World Cup XVI,41,559.0,2016-11-12 00:00:00,False,WC,True
578,Humlebaek V,5,560.0,2017-01-28 00:00:00,False,Denmark,True
579,Birmingham XLVII,10,567.0,2017-02-25 00:00:00,False,England,True
580,Manchester III,12,568.0,2017-05-06 00:00:00,False,England,True
581,Milan XXXVI,6,569.0,2017-06-11 00:00:00,False,Italy,True
582,Furulund I,4,570.0,2017-06-17 00:00:00,False,Sweden,True
583,Copenhagen V,5,571.0,2017-09-09 00:00:00,False,Denmark,True
584,World Cup XVII,32,572.0,2017-10-28 00:00:00,False,WC,True
